{"cameraMode":{"drawMode":0,"name":"Shaded","section":"Shading Mode"},"sceneLighting":false,"audioPlay":false,"sceneViewState":{"showFog":true,"showMaterialUpdate":false,"showSkybox":false,"showFlares":true,"showImageEffects":true,"showParticleSystems":true},"in2DMode":false,"pivot":{"x":-11932.185546875,"y":0.7579408884048462,"z":25129.95703125},"rotation":{"x":-0.10241051018238068,"y":0.8951482772827148,"z":-0.26986509561538699,"w":-0.3396977484226227},"size":3.865779161453247,"orthographic":false}