{"cameraMode":{"drawMode":0,"name":"Shaded","section":"Shading Mode"},"sceneLighting":false,"audioPlay":false,"sceneViewState":{"showFog":true,"showMaterialUpdate":false,"showSkybox":false,"showFlares":true,"showImageEffects":true,"showParticleSystems":true},"in2DMode":false,"pivot":{"x":0.0039092302322387699,"y":0.03778233751654625,"z":-0.003970026969909668},"rotation":{"x":-0.09627926349639893,"y":0.8962745070457459,"z":-0.36090683937072756,"w":-0.23909950256347657},"size":2.462056875228882,"orthographic":false}