{"cameraMode":{"drawMode":0,"name":"Shaded","section":"Shading Mode"},"sceneLighting":false,"audioPlay":false,"sceneViewState":{"showFog":true,"showMaterialUpdate":false,"showSkybox":false,"showFlares":true,"showImageEffects":true,"showParticleSystems":true},"in2DMode":false,"pivot":{"x":0.0039092302322387699,"y":0.03778233751654625,"z":-0.003970026969909668},"rotation":{"x":0.3940508961677551,"y":0.5238689184188843,"z":-0.29738590121269228,"w":0.6941519975662231},"size":1.8620569705963135,"orthographic":false}