{"cameraMode":{"drawMode":0,"name":"Shaded","section":"Shading Mode"},"sceneLighting":true,"audioPlay":false,"sceneViewState":{"showFog":true,"showMaterialUpdate":false,"showSkybox":true,"showFlares":true,"showImageEffects":true,"showParticleSystems":true},"in2DMode":false,"pivot":{"x":0.29700469970703127,"y":0.39092254638671877,"z":214.70114135742188},"rotation":{"x":0.049789413809776309,"y":0.004489705432206392,"z":-0.0002239397435914725,"w":0.9987496137619019},"size":71.63439178466797,"orthographic":false}