{"cameraMode":{"drawMode":0,"name":"Shaded","section":"Shading Mode"},"sceneLighting":true,"audioPlay":false,"sceneViewState":{"showFog":true,"showMaterialUpdate":false,"showSkybox":true,"showFlares":true,"showImageEffects":true,"showParticleSystems":true},"in2DMode":false,"pivot":{"x":-22.472400665283204,"y":54.432640075683597,"z":248.79611206054688},"rotation":{"x":0.20555314421653748,"y":-0.2337443232536316,"z":0.05062996596097946,"w":0.9489721655845642},"size":201.07339477539063,"orthographic":false}