{"cameraMode":{"drawMode":0,"name":"Shaded","section":"Shading Mode"},"sceneLighting":false,"audioPlay":false,"sceneViewState":{"showFog":true,"showMaterialUpdate":false,"showSkybox":false,"showFlares":true,"showImageEffects":true,"showParticleSystems":true},"in2DMode":false,"pivot":{"x":-0.4206939935684204,"y":1.3226923942565919,"z":0.4253075122833252},"rotation":{"x":0.07865540683269501,"y":-0.24852187931537629,"z":0.02025194838643074,"w":0.9652150869369507},"size":2.973156213760376,"orthographic":false}